{"backgroundColor":{"rgb":[0.19215686619281769,0.19215686619281769,0.19215686619281769],"R":0.19215686619281769,"G":0.19215686619281769,"B":0.19215686619281769},"vertexColor":null,"lineColor":null,"gridColor":null,"fieldOfView":60.0}
